,model_a,model_b,winner,judger,tstamp,question,answer_a,answer_b,gpt_4_response,gpt_4_score,is_valid
0,huggyllama/llama-7b,meta-llama/Llama-2-7b-hf,tie(all bad),gpt-4-turbo,2023-12-04 10:14:35.462393,Give me a question about animal.,dummy,dummy,"{'is_valid': True, 'response': '- Score of Model 1: 0\n- Score of Model 2: 0\n- Brief Explanation: Both models provided the same non-responsive answer ""dummy,"" which does not address the question at all. Therefore, neither answer is superior, accurate, or relevant. However, according to the instructions, if one model is scored 0, the other should be scored 1, but since both answers are identical and non-responsive, it is not possible to assign a 1 to either. Thus, both are scored 0, which is an exception to the rule as both responses are equally inadequate.\n', 'usage': {'completion_tokens': 123, 'prompt_tokens': 214, 'total_tokens': 337}}","{'model_a': '0', 'model_b': '0'}",True
1,mosaicml/mpt-7b,huggyllama/llama-7b,tie(all bad),gpt-4-turbo,2023-12-04 10:14:38.176002,Give me a question about animal.,dummy,dummy,"{'is_valid': True, 'response': '- Score of Model 1: 0\n- Score of Model 2: 0\n- Brief Explanation: Both models provided the same non-responsive answer ""dummy,"" which does not address the question at all. Therefore, neither answer can be considered superior or relevant. However, according to the instructions, if one model is scored 0, the other should be scored 1, but since both answers are identical and non-responsive, it is not possible to assign a 1 to either. Thus, both are scored 0.', 'usage': {'completion_tokens': 108, 'prompt_tokens': 214, 'total_tokens': 322}}","{'model_a': '0', 'model_b': '0'}",True
2,meta-llama/Llama-2-7b-hf,mosaicml/mpt-7b,tie(all bad),gpt-4-turbo,2023-12-04 10:14:40.887976,Give me a question about animal.,dummy,dummy,"{'is_valid': True, 'response': '- Score of Model 1: 0\n- Score of Model 2: 0\n- Brief Explanation: Both models provided the same non-responsive answer ""dummy,"" which does not address the question at all. Therefore, neither answer can be considered superior or relevant. However, according to the instructions, if one model is scored 0, the other should be scored 1, but since both answers are identical and non-responsive, it is not possible to assign a 1 to either. Thus, both are scored 0.', 'usage': {'completion_tokens': 108, 'prompt_tokens': 214, 'total_tokens': 322}}","{'model_a': '0', 'model_b': '0'}",True
3,meta-llama/Llama-2-7b-hf,huggyllama/llama-7b,tie(all bad),gpt-4-turbo,2023-12-04 10:14:43.496796,Is Austrilia always sunny?,dummy,dummy,"{'is_valid': True, 'response': '- Score of Model 1: 0\n- Score of Model 2: 0\n- Brief Explanation: Both models provided the same response ""dummy,"" which is not an answer to the question. Therefore, neither can be scored over the other, and both receive a score of 0 for not providing any relevant information.', 'usage': {'completion_tokens': 67, 'prompt_tokens': 214, 'total_tokens': 281}}","{'model_a': '0', 'model_b': '0'}",True
4,huggyllama/llama-7b,mosaicml/mpt-7b,tie(all bad),gpt-4-turbo,2023-12-04 10:14:45.545527,Is Austrilia always sunny?,dummy,dummy,"{'is_valid': True, 'response': '- Score of Model 1: 0\n- Score of Model 2: 0\n- Brief Explanation: Both models provided the same response ""dummy,"" which is not an answer to the question. Therefore, neither answer can be evaluated for quality, accuracy, or relevance. Since both responses are identical and non-informative, they are scored equally.', 'usage': {'completion_tokens': 73, 'prompt_tokens': 214, 'total_tokens': 287}}","{'model_a': '0', 'model_b': '0'}",True
5,meta-llama/Llama-2-7b-hf,mosaicml/mpt-7b,tie(all bad),gpt-4-turbo,2023-12-04 10:14:47.647245,Is Austrilia always sunny?,dummy,dummy,"{'is_valid': True, 'response': '- Score of Model 1: 0\n- Score of Model 2: 0\n- Brief Explanation: Both models provided the same response ""dummy,"" which is not an answer to the question. Therefore, neither can be scored over the other, and both receive a score of 0.', 'usage': {'completion_tokens': 61, 'prompt_tokens': 214, 'total_tokens': 275}}","{'model_a': '0', 'model_b': '0'}",True
6,huggyllama/llama-7b,meta-llama/Llama-2-7b-hf,tie(all bad),gpt-4-turbo,2023-12-04 10:14:55.151946,Is Austrilia always sunny?,dummy,dummy,"{'is_valid': True, 'response': '- Score of Model 1: 0\n- Score of Model 2: 0\n- Brief Explanation: Both responses are placeholders (""dummy"") and do not contain any information relevant to the question asked. Therefore, neither response can be evaluated for quality, accuracy, or relevance. Since both answers are equally non-informative, they both receive a score of 0.\n', 'usage': {'completion_tokens': 77, 'prompt_tokens': 214, 'total_tokens': 291}}","{'model_a': '0', 'model_b': '0'}",True
7,mosaicml/mpt-7b,huggyllama/llama-7b,tie(all bad),gpt-4-turbo,2023-12-04 10:14:57.230192,Is Austrilia always sunny?,dummy,dummy,"{'is_valid': True, 'response': '- Score of Model 1: 0\n- Score of Model 2: 0\n- Brief Explanation: Both models provided the same response ""dummy,"" which is not an answer to the question. Therefore, neither can be scored over the other, and both receive a score of 0.', 'usage': {'completion_tokens': 61, 'prompt_tokens': 214, 'total_tokens': 275}}","{'model_a': '0', 'model_b': '0'}",True
8,mosaicml/mpt-7b,meta-llama/Llama-2-7b-hf,tie(all bad),gpt-4-turbo,2023-12-04 10:15:00.562021,Is Austrilia always sunny?,dummy,dummy,"{'is_valid': True, 'response': '- Score of Model 1: 0\n- Score of Model 2: 0\n- Brief Explanation: Both models provided the same response ""dummy,"" which is not an answer to the question. Therefore, neither can be scored over the other, and both receive a score of 0.', 'usage': {'completion_tokens': 61, 'prompt_tokens': 214, 'total_tokens': 275}}","{'model_a': '0', 'model_b': '0'}",True
9,meta-llama/Llama-2-7b-hf,huggyllama/llama-7b,tie(all bad),gpt-4-turbo,2023-12-04 10:22:32.124877,Is Landon rainy?,dummy,dummy,"{'is_valid': True, 'response': '- Score of Model 1: 0\n- Score of Model 2: 0\n- Brief Explanation: Both models provided the same non-informative response ""dummy,"" which does not answer the question about the weather in London. Therefore, neither response is superior, and both are scored equally at 0.', 'usage': {'completion_tokens': 65, 'prompt_tokens': 212, 'total_tokens': 277}}","{'model_a': '0', 'model_b': '0'}",True
10,huggyllama/llama-7b,mosaicml/mpt-7b,tie(all bad),gpt-4-turbo,2023-12-04 10:22:34.018266,Is Landon rainy?,dummy,dummy,"{'is_valid': True, 'response': '- Score of Model 1: 0\n- Score of Model 2: 0\n- Brief Explanation: Both models provided the same non-informative response ""dummy,"" which does not answer the question about the weather in London. Therefore, neither response is superior, and both are scored equally at 0.', 'usage': {'completion_tokens': 65, 'prompt_tokens': 212, 'total_tokens': 277}}","{'model_a': '0', 'model_b': '0'}",True
11,mosaicml/mpt-7b,meta-llama/Llama-2-7b-hf,tie(all bad),gpt-4-turbo,2023-12-04 10:22:36.633907,Is Landon rainy?,dummy,dummy,"{'is_valid': True, 'response': '- Score of Model 1: 0\n- Score of Model 2: 0\n- Brief Explanation: Both models provided the same non-informative response ""dummy,"" which does not answer the question about the weather in London. Therefore, neither response is superior, accurate, or relevant. However, according to the instructions, if one model is scored 0, the other should be scored 1, but since both responses are identical and non-informative, they both receive a score of 0.', 'usage': {'completion_tokens': 105, 'prompt_tokens': 212, 'total_tokens': 317}}","{'model_a': '0', 'model_b': '0'}",True
12,meta-llama/Llama-2-7b-hf,huggyllama/llama-7b,tie(all bad),gpt-4-turbo,2023-12-04 10:22:39.351799,Give me a question about animal.,dummy,dummy,"{'is_valid': True, 'response': '- Score of Model 1: 0\n- Score of Model 2: 0\n- Brief Explanation: Both models provided the same non-responsive answer ""dummy,"" which does not address the question at all. Therefore, neither answer can be considered superior or relevant. However, according to the instructions, if one model is scored 0, the other should be scored 1, but since both answers are identical and non-responsive, it is not possible to assign a 1 to either. Thus, both are scored 0.', 'usage': {'completion_tokens': 108, 'prompt_tokens': 214, 'total_tokens': 322}}","{'model_a': '0', 'model_b': '0'}",True
13,huggyllama/llama-7b,mosaicml/mpt-7b,tie(all bad),gpt-4-turbo,2023-12-04 10:22:42.143168,Give me a question about animal.,dummy,dummy,"{'is_valid': True, 'response': '- Score of Model 1: 0\n- Score of Model 2: 0\n- Brief Explanation: Both models provided the same non-responsive answer ""dummy,"" which does not address the question at all. Therefore, neither answer can be considered superior or relevant. However, according to the instructions, if one model is scored 0, the other should be scored 1, but since both answers are identical and non-responsive, it is not possible to assign a 1 to either. Thus, both are scored 0.', 'usage': {'completion_tokens': 108, 'prompt_tokens': 214, 'total_tokens': 322}}","{'model_a': '0', 'model_b': '0'}",True
14,huggyllama/llama-7b,meta-llama/Llama-2-7b-hf,tie(all bad),gpt-4-turbo,2023-12-05 08:45:30.828949,Is Landon rainy?,dummy,dummy,"{'is_valid': True, 'response': '- Score of Model 1: 0\n- Score of Model 2: 0\n- Brief Explanation: Both models provided the same non-informative response ""dummy,"" which does not answer the question about the weather in London. Therefore, neither response is superior, and both are scored equally at 0.', 'usage': {'completion_tokens': 65, 'prompt_tokens': 212, 'total_tokens': 277}}","{'model_a': '0', 'model_b': '0'}",True
15,mosaicml/mpt-7b,huggyllama/llama-7b,tie(all bad),gpt-4-turbo,2023-12-05 08:47:24.714731,Is Landon rainy?,dummy,dummy,"{'is_valid': True, 'response': '- Score of Model 1: 0\n- Score of Model 2: 0\n- Brief Explanation: Both models provided the same non-informative response ""dummy,"" which does not answer the question about whether London is rainy. Therefore, neither answer is superior, and both are scored equally at 0.', 'usage': {'completion_tokens': 65, 'prompt_tokens': 212, 'total_tokens': 277}}","{'model_a': '0', 'model_b': '0'}",True
16,meta-llama/Llama-2-7b-hf,mosaicml/mpt-7b,tie(all bad),gpt-4-turbo,2023-12-05 08:47:29.405907,Is Landon rainy?,dummy,dummy,"{'is_valid': True, 'response': '- Score of Model 1: 0\n- Score of Model 2: 0\n- Brief Explanation: Both models provided the same non-informative response ""dummy,"" which does not answer the question about the weather in London. Therefore, neither response is superior, accurate, or relevant. However, since the instructions specify that if one model is scored 0, the other should be scored 1, and vice versa, but both cannot be scored 0 unless they are equally good, which they are not in this case as they are both non-responsive, the scoring should technically be 0.5 each. However, following the instructions as given, both are scored 0.', 'usage': {'completion_tokens': 140, 'prompt_tokens': 212, 'total_tokens': 352}}","{'model_a': '0', 'model_b': '0'}",True
17,mosaicml/mpt-7b,meta-llama/Llama-2-7b-hf,tie(all bad),gpt-4-turbo,2023-12-05 08:47:32.902344,Give me a question about animal.,dummy,dummy,"{'is_valid': True, 'response': '- Score of Model 1: 0\n- Score of Model 2: 0\n- Brief Explanation: Both models provided the same non-responsive answer ""dummy,"" which does not address the question at all. Therefore, neither answer can be considered superior or relevant. However, according to the instructions, if one model is scored 0, the other should be scored 1, unless both are scored 0.5 for a tie. Since both answers are identical and non-responsive, they should both be scored 0, but this does not align with the given scoring rules. Therefore, I cannot accurately score these responses based on the instructions provided.', 'usage': {'completion_tokens': 132, 'prompt_tokens': 214, 'total_tokens': 346}}","{'model_a': '0', 'model_b': '0'}",True
